{"Abduct,_hijack,_or_take_hostage": 0, "Accede_to_demands_for_change_in_institutions,_regime": 1, "Accede_to_demands_for_change_in_leadership": 2, "Accede_to_demands_for_change_in_policy": 3, "Accede_to_demands_for_rights": 4, "Accede_to_requests_or_demands_for_political_reform": 5, "Accuse": 6, "Accuse_of_aggression": 7, "Accuse_of_crime,_corruption": 8, "Accuse_of_espionage,_treason": 9, "Accuse_of_human_rights_abuses": 10, "Accuse_of_war_crimes": 11, "Acknowledge_or_claim_responsibility": 12, "Apologize": 13, "Appeal_for_aid": 14, "Appeal_for_change_in_institutions,_regime": 15, "Appeal_for_change_in_leadership": 16, "Appeal_for_de-escalation_of_military_engagement": 17, "Appeal_for_diplomatic_cooperation_(such_as_policy_support)": 18, "Appeal_for_easing_of_administrative_sanctions": 19, "Appeal_for_easing_of_economic_sanctions,_boycott,_or_embargo": 20, "Appeal_for_economic_aid": 21, "Appeal_for_economic_cooperation": 22, "Appeal_for_humanitarian_aid": 23, "Appeal_for_intelligence": 24, "Appeal_for_judicial_cooperation": 25, "Appeal_for_material_cooperation": 26, "Appeal_for_military_aid": 27, "Appeal_for_military_protection_or_peacekeeping": 28, "Appeal_for_policy_change": 29, "Appeal_for_political_reform": 30, "Appeal_for_release_of_persons_or_property": 31, "Appeal_for_rights": 32, "Appeal_for_target_to_allow_international_involvement_(non-mediation)": 33, "Appeal_to_engage_in_or_accept_mediation": 34, "Appeal_to_others_to_meet_or_negotiate": 35, "Appeal_to_others_to_settle_dispute": 36, "Appeal_to_yield": 37, "Arrest,_detain,_or_charge_with_legal_action": 38, "Assassinate": 39, "Attempt_to_assassinate": 40, "Ban_political_parties_or_politicians": 41, "Bring_lawsuit_against": 42, "Carry_out_car_bombing": 43, "Carry_out_roadside_bombing": 44, "Carry_out_suicide_bombing": 45, "Coerce": 46, "Complain_officially": 47, "Conduct_hunger_strike": 48, "Conduct_strike_or_boycott": 49, "Conduct_suicide,_car,_or_other_non-military_bombing": 50, "Confiscate_property": 51, "Consider_policy_option": 52, "Consult": 53, "Cooperate_economically": 54, "Cooperate_militarily": 55, "Criticize_or_denounce": 56, "Declare_truce,_ceasefire": 57, "Decline_comment": 58, "Defend_verbally": 59, "Defy_norms,_law": 60, "Demand": 61, "Demand_change_in_institutions,_regime": 62, "Demand_change_in_leadership": 63, "Demand_de-escalation_of_military_engagement": 64, "Demand_diplomatic_cooperation_(such_as_policy_support)": 65, "Demand_easing_of_administrative_sanctions": 66, "Demand_economic_aid": 67, "Demand_humanitarian_aid": 68, "Demand_intelligence_cooperation": 69, "Demand_judicial_cooperation": 70, "Demand_material_aid": 71, "Demand_material_cooperation": 72, "Demand_mediation": 73, "Demand_meeting,_negotiation": 74, "Demand_military_aid": 75, "Demand_policy_change": 76, "Demand_political_reform": 77, "Demand_release_of_persons_or_property": 78, "Demand_rights": 79, "Demand_settling_of_dispute": 80, "Demand_that_target_yields": 81, "Demobilize_armed_forces": 82, "Demonstrate_for_leadership_change": 83, "Demonstrate_for_policy_change": 84, "Demonstrate_military_or_police_power": 85, "Demonstrate_or_rally": 86, "Deny_responsibility": 87, "Destroy_property": 88, "Detonate_nuclear_weapons": 89, "Discuss_by_telephone": 90, "Ease_administrative_sanctions": 91, "Ease_curfew": 92, "Ease_economic_sanctions,_boycott,_embargo": 93, "Ease_military_blockade": 94, "Ease_political_dissent": 95, "Ease_state_of_emergency_or_martial_law": 96, "Employ_aerial_weapons": 97, "Engage_in_diplomatic_cooperation": 98, "Engage_in_judicial_cooperation": 99, "Engage_in_mass_expulsion": 100, "Engage_in_mass_killings": 101, "Engage_in_material_cooperation": 102, "Engage_in_negotiation": 103, "Engage_in_political_dissent": 104, "Engage_in_symbolic_act": 105, "Engage_in_violent_protest_for_rights": 106, "Expel_or_deport_individuals": 107, "Expel_or_withdraw": 108, "Expel_or_withdraw_peacekeepers": 109, "Express_accord": 110, "Express_intent_to_accept_mediation": 111, "Express_intent_to_change_institutions,_regime": 112, "Express_intent_to_change_leadership": 113, "Express_intent_to_change_policy": 114, "Express_intent_to_cooperate": 115, "Express_intent_to_cooperate_economically": 116, "Express_intent_to_cooperate_militarily": 117, "Express_intent_to_cooperate_on_intelligence": 118, "Express_intent_to_cooperate_on_judicial_matters": 119, "Express_intent_to_de-escalate_military_engagement": 120, "Express_intent_to_ease_administrative_sanctions": 121, "Express_intent_to_ease_economic_sanctions,_boycott,_or_embargo": 122, "Express_intent_to_engage_in_diplomatic_cooperation_(such_as_policy_support)": 123, "Express_intent_to_engage_in_material_cooperation": 124, "Express_intent_to_institute_political_reform": 125, "Express_intent_to_mediate": 126, "Express_intent_to_meet_or_negotiate": 127, "Express_intent_to_provide_economic_aid": 128, "Express_intent_to_provide_humanitarian_aid": 129, "Express_intent_to_provide_material_aid": 130, "Express_intent_to_provide_military_aid": 131, "Express_intent_to_provide_military_protection_or_peacekeeping": 132, "Express_intent_to_release_persons_or_property": 133, "Express_intent_to_settle_dispute": 134, "Express_intent_to_yield": 135, "Forgive": 136, "Give_ultimatum": 137, "Grant_asylum": 138, "Grant_diplomatic_recognition": 139, "Halt_mediation": 140, "Halt_negotiations": 141, "Host_a_visit": 142, "Impose_administrative_sanctions": 143, "Impose_blockade,_restrict_movement": 144, "Impose_embargo,_boycott,_or_sanctions": 145, "Impose_restrictions_on_political_freedoms": 146, "Impose_state_of_emergency_or_martial_law": 147, "Increase_military_alert_status": 148, "Increase_police_alert_status": 149, "Investigate": 150, "Investigate_crime,_corruption": 151, "Investigate_human_rights_abuses": 152, "Investigate_war_crimes": 153, "Kill_by_physical_assault": 154, "Make_a_visit": 155, "Make_an_appeal_or_request": 156, "Make_empathetic_comment": 157, "Make_optimistic_comment": 158, "Make_pessimistic_comment": 159, "Make_statement": 160, "Mediate": 161, "Meet_at_a_'third'_location": 162, "Mobilize_or_increase_armed_forces": 163, "Mobilize_or_increase_police_power": 164, "Obstruct_passage,_block": 165, "Obstruct_passage_to_demand_leadership_change": 166, "Occupy_territory": 167, "Physically_assault": 168, "Praise_or_endorse": 169, "Protest_violently,_riot": 170, "Provide_aid": 171, "Provide_economic_aid": 172, "Provide_humanitarian_aid": 173, "Provide_military_aid": 174, "Provide_military_protection_or_peacekeeping": 175, "Rally_opposition_against": 176, "Rally_support_on_behalf_of": 177, "Receive_deployment_of_peacekeepers": 178, "Receive_inspectors": 179, "Reduce_or_break_diplomatic_relations": 180, "Reduce_or_stop_economic_assistance": 181, "Reduce_or_stop_humanitarian_assistance": 182, "Reduce_or_stop_material_aid": 183, "Reduce_or_stop_military_assistance": 184, "Reduce_relations": 185, "Refuse_to_de-escalate_military_engagement": 186, "Refuse_to_ease_administrative_sanctions": 187, "Refuse_to_ease_economic_sanctions,_boycott,_or_embargo": 188, "Refuse_to_release_persons_or_property": 189, "Refuse_to_yield": 190, "Reject": 191, "Reject_economic_cooperation": 192, "Reject_judicial_cooperation": 193, "Reject_material_cooperation": 194, "Reject_military_cooperation": 195, "Reject_plan,_agreement_to_settle_dispute": 196, "Reject_proposal_to_meet,_discuss,_or_negotiate": 197, "Reject_request_for_change_in_leadership": 198, "Reject_request_for_military_aid": 199, "Reject_request_for_military_protection_or_peacekeeping": 200, "Retreat_or_surrender_militarily": 201, "Return,_release_person(s)": 202, "Return,_release_property": 203, "Seize_or_damage_property": 204, "Sexually_assault": 205, "Share_intelligence_or_information": 206, "Sign_formal_agreement": 207, "Threaten": 208, "Threaten_non-force": 209, "Threaten_to_halt_mediation": 210, "Threaten_to_halt_negotiations": 211, "Threaten_to_reduce_or_break_relations": 212, "Threaten_to_reduce_or_stop_aid": 213, "Threaten_with_administrative_sanctions": 214, "Threaten_with_military_force": 215, "Threaten_with_political_dissent,_protest": 216, "Threaten_with_repression": 217, "Threaten_with_sanctions,_boycott,_embargo": 218, "Torture": 219, "Use_as_human_shield": 220, "Use_chemical,_biological,_or_radiological_weapons": 221, "Use_conventional_military_force": 222, "Use_tactics_of_violent_repression": 223, "Use_unconventional_violence": 224, "Veto": 225, "Violate_ceasefire": 226, "Yield": 227, "fight_with_artillery_and_tanks": 228, "fight_with_small_arms_and_light_weapons": 229}